symbol,name,sector,industry,group,group_id,early_turnaround,days_macd_pos,days_hist_pos,close,chg_1d,d_macd,d_sig,d_hist,w_macd,m_macd,rsi14,ma10,ma25,ma55,ma89,ma200,above_ma200,ma_alignment,avg_val20_m,last_val_m,tech_score
SIS,SIS,Information & Communication Technology,Technology,Group 2: Daily MACD > 0 (<= 5d),2,False,1,1,24.6,2.0746887966804906,0.005,0.004,0.001,0.613,0.033,55.2,24.08,24.22,24.48,23.65,22.4,True,False,11.54,10.72,89
MPJ,MPJ,Services,Services,Group 2: Daily MACD > 0 (<= 5d),2,False,1,0,4.42,0.4545454545454408,0.005,0.007,-0.003,0.178,0.135,59.7,4.28,4.35,4.22,3.98,3.85,True,False,0.53,0.37,87
KGEN,KGEN,Services,Services,Group 2: Daily MACD > 0 (<= 5d),2,False,1,5,1.64,0.6134969325153339,0.001,-0.023,0.024,0.033,0.164,59.3,1.53,1.54,1.6,1.72,1.5,True,False,7.97,13.16,85
ALT,ALT,Information & Communication Technology,Technology,Group 2: Daily MACD > 0 (<= 5d),2,False,5,15,1.7,-1.1627906976744207,0.019,0.007,0.012,0.093,0.08,51.9,1.7,1.65,1.7,1.71,1.39,True,False,8.46,5.48,76
THANA,THANA,Property & Construction,Property & Construction,Group 2: Daily MACD > 0 (<= 5d),2,False,1,0,1.59,1.273885350318471,0.0,0.002,-0.002,0.037,0.04,53.4,1.58,1.59,,,,False,False,0.05,0.09,60
WHA,WHA,Property Development,Property & Construction,Group 1: Daily MACD < 0,1,True,0,2,4.96,3.765690376569042,-0.016,-0.036,0.02,0.103,0.17,62.0,4.74,4.74,4.85,4.96,4.41,True,False,520.9,2297.62,100
SCC,SCC,Construction Materials,Property & Construction,Group 1: Daily MACD < 0,1,False,0,0,265.0,6.000000000000005,-1.782,-0.476,-1.306,10.645,6.059,55.8,256.2,260.68,258.07,251.88,227.38,True,False,1356.45,3836.8,93
GPSC,GPSC,Energy & Utilities,Resources,Group 1: Daily MACD < 0,1,True,0,3,49.75,2.577319587628857,-0.373,-0.526,0.154,2.587,1.159,53.6,48.45,48.96,50.49,48.23,41.88,True,False,453.2,587.21,89
BAY,BAY,Banking,Financials,Group 1: Daily MACD < 0,1,True,0,1,40.0,5.263157894736836,-0.633,-0.751,0.117,2.04,3.521,58.2,37.62,38.58,39.92,40.22,32.53,True,False,61.89,212.22,86
BCP,BCP,Energy & Utilities,Resources,Group 1: Daily MACD < 0,1,False,0,0,53.75,0.9389671361502261,-0.09,0.279,-0.369,5.369,3.782,51.7,52.98,55.06,51.46,45.09,38.69,True,False,1232.67,1600.0,84
SPVI,SPVI,Technology,Technology,Group 1: Daily MACD < 0,1,True,0,1,3.68,3.9548022598870025,-0.021,-0.032,0.011,0.2,0.17,57.0,3.55,3.59,3.63,3.52,3.01,True,False,2.02,3.13,84
SCGP,SCGP,Packaging,Industrials,Group 1: Daily MACD < 0,1,False,0,0,30.0,2.564102564102555,-0.142,-0.035,-0.107,2.018,0.434,51.4,29.62,29.97,30.07,28.93,24.11,True,False,313.25,320.31,82
STPI,STPI,Construction Services,Property & Construction,Group 1: Daily MACD < 0,1,True,0,4,5.6,1.8181818181818077,-0.049,-0.075,0.026,0.208,0.538,51.9,5.47,5.5,5.85,5.68,5.05,True,False,54.54,67.39,80
ADVICE,ADVICE,Commerce,Services,Group 1: Daily MACD < 0,1,True,0,4,6.85,0.0,-0.051,-0.072,0.021,0.247,0.443,48.6,6.78,6.85,7.08,6.84,6.21,True,False,6.29,18.53,80
PSP,PSP,Industrial Materials & Machinery,Industrials,Group 1: Daily MACD < 0,1,True,0,2,7.15,2.1428571428571574,-0.176,-0.202,0.026,0.551,0.289,47.9,6.9,7.31,7.6,7.14,5.67,True,False,14.37,9.64,79
PTTEP,PTTEP,Energy & Utilities,Resources,Group 1: Daily MACD < 0,1,False,0,0,147.0,1.379310344827589,-1.146,-0.66,-0.486,2.984,4.231,46.6,146.6,149.66,149.13,144.84,139.64,True,False,2002.79,2171.48,78
KKP,KKP,Banking,Financials,Group 1: Daily MACD < 0,1,False,0,0,113.5,0.8888888888888946,-0.507,-0.119,-0.388,8.935,14.912,48.5,113.05,115.0,114.25,107.54,88.96,True,False,714.56,573.97,78
RATCH,RATCH,Energy & Utilities,Resources,Group 1: Daily MACD < 0,1,False,0,0,37.5,1.3513513513513598,-0.126,-0.018,-0.108,1.948,1.519,49.0,37.45,37.8,37.94,35.83,32.55,True,False,171.23,107.89,78
SVOA,SVOA,Information & Communication Technology,Technology,Group 1: Daily MACD < 0,1,True,0,5,2.02,2.020202020202011,-0.027,-0.037,0.01,0.105,0.1,50.6,1.97,2.0,2.14,2.02,1.72,True,False,2.71,3.09,78
TRT,TRT,Industrial,Industrial,Group 1: Daily MACD < 0,1,True,0,4,12.7,3.2520325203251987,-0.232,-0.364,0.133,1.436,2.39,54.9,11.91,12.32,13.2,12.94,8.15,True,False,20.56,46.09,77
FTE,FTE,Industrial Materials & Machinery,Industrials,Group 1: Daily MACD < 0,1,False,0,0,2.72,2.2556390977443552,-0.019,-0.012,-0.007,0.142,0.289,53.8,2.66,2.7,2.7,2.65,2.28,True,False,0.99,0.44,75
KTB,KTB,Banking,Financials,Group 1: Daily MACD < 0,1,False,0,0,42.0,0.5988023952095745,-0.515,-0.204,-0.311,2.592,5.73,40.2,42.6,43.6,43.65,41.31,36.02,True,False,3119.27,1745.38,74
TTB,TTB,Banking,Financials,Group 1: Daily MACD < 0,1,False,0,0,2.94,0.0,-0.008,0.012,-0.02,0.195,0.298,43.5,2.99,3.01,3.0,2.79,2.45,True,False,1437.46,1121.95,74
TISCO,TISCO,Banking,Financials,Group 1: Daily MACD < 0,1,False,0,0,125.5,1.6194331983805599,-0.423,-0.152,-0.27,3.308,7.087,48.0,125.6,125.96,127.09,123.78,117.3,True,False,362.98,461.54,74
KBANK,KBANK,Banking,Financials,Group 1: Daily MACD < 0,1,False,0,0,235.0,0.42735042735042583,-3.502,-1.427,-2.074,11.893,23.11,35.7,240.5,246.44,246.51,234.52,211.46,True,False,3594.05,2281.82,72
TCAP,TCAP,Banking,Financials,Group 1: Daily MACD < 0,1,False,0,0,79.25,0.9554140127388644,-0.984,-0.433,-0.551,5.863,7.98,39.3,80.97,82.25,82.65,76.24,65.98,True,False,238.14,208.11,72
AMATA,AMATA,Property Development,Property & Construction,Group 1: Daily MACD < 0,1,False,0,0,31.25,-1.5748031496062964,-0.001,0.342,-0.343,2.913,2.559,44.3,32.38,32.67,31.1,29.42,23.36,True,False,198.96,423.34,72
PSL,PSL,Transportation & Logistics,Services,Group 1: Daily MACD < 0,1,False,0,0,9.3,-1.0638297872340385,-0.17,0.005,-0.176,0.819,0.125,36.5,9.8,10.22,9.78,8.82,7.66,True,False,102.03,44.91,72
STGT,STGT,Personal Products & Pharmaceuticals,Consumer Products,Group 1: Daily MACD < 0,1,False,0,0,10.7,3.883495145631044,-0.091,-0.061,-0.03,0.212,0.011,50.6,10.61,10.74,10.75,10.69,10.22,True,False,20.52,46.13,72
SEAFCO,SEAFCO,Construction Services,Property & Construction,Group 1: Daily MACD < 0,1,True,0,5,2.9,0.0,-0.005,-0.01,0.004,0.1,0.098,50.1,2.89,2.9,2.9,2.92,2.58,True,False,2.67,2.8,72
DMT,DMT,Transportation & Logistics,Services,Group 1: Daily MACD < 0,1,False,0,13,12.1,0.8333333333333304,-0.022,-0.028,0.006,0.249,0.229,51.8,12.05,12.04,12.19,12.02,11.4,True,False,3.3,2.14,71
MGC,MGC,Automotive,Industrials,Group 1: Daily MACD < 0,1,False,0,12,7.3,11.45038167938932,-0.252,-0.329,0.077,0.435,0.66,54.2,6.71,6.92,8.02,7.69,5.91,True,False,26.0,112.02,70
MC,MC,Commerce,Services,Group 1: Daily MACD < 0,1,False,0,15,11.4,0.8849557522123908,-0.027,-0.044,0.017,0.038,0.128,51.4,11.37,11.3,11.55,11.49,11.38,True,False,12.6,13.64,70
FORTH,FORTH,Information & Communication Technology,Technology,Group 1: Daily MACD < 0,1,False,0,0,14.5,4.316546762589923,-0.368,-0.351,-0.017,1.073,0.071,48.0,14.45,14.56,15.67,15.52,11.28,True,False,46.91,62.91,69
SGP,SGP,Energy & Utilities,Resources,Group 1: Daily MACD < 0,1,False,0,0,8.8,0.5714285714285783,-0.002,0.073,-0.075,0.278,0.25,45.5,8.99,9.01,8.71,8.56,8.17,True,False,4.35,1.32,69
AIE,AIE,Energy & Utilities,Resources,Group 1: Daily MACD < 0,1,False,0,0,1.53,0.6578947368421018,-0.002,0.01,-0.012,0.118,0.006,46.6,1.56,1.56,1.51,1.37,1.22,True,False,3.52,1.11,69
AOT,AOT,Transportation & Logistics,Services,Group 1: Daily MACD < 0,1,False,0,0,59.75,2.136752136752129,-0.944,-0.745,-0.199,1.879,1.801,40.0,60.55,61.44,62.95,62.15,56.91,True,False,1281.46,1960.85,68
TLI,TLI,Insurance,Financials,Group 1: Daily MACD < 0,1,False,0,0,11.2,0.9009009009008917,-0.056,-0.03,-0.025,0.108,0.1,44.5,11.26,11.31,11.43,11.41,10.99,True,False,193.47,100.08,68
NCAP,NCAP,Finance & Securities,Financials,Group 1: Daily MACD < 0,1,False,0,0,3.18,0.6329113924050667,-0.065,-0.064,-0.001,0.137,0.076,42.9,3.18,3.26,3.43,3.17,2.9,True,False,12.57,6.39,68
WINNER,WINNER,Agro & Food Industry,Agro & Food Industry,Group 1: Daily MACD < 0,1,True,0,4,2.2,0.0,-0.003,-0.004,0.001,0.028,0.012,47.9,2.2,2.2,2.22,2.18,2.14,True,False,0.23,0.17,68
TL,TL,Information & Communication Technology,Technology,Group 1: Daily MACD < 0,1,False,0,0,0.44,0.0,-0.001,0.0,-0.001,0.016,0.004,48.7,0.44,0.45,0.43,0.42,0.39,True,False,0.27,0.04,67
EGCO,EGCO,Energy & Utilities,Resources,Group 1: Daily MACD < 0,1,False,0,0,126.0,0.0,-1.123,-0.843,-0.28,2.899,1.088,40.0,127.3,128.7,130.83,126.78,120.29,True,False,131.44,106.73,66
UKEM,UKEM,Industrial,Industrial,Group 1: Daily MACD < 0,1,False,0,0,1.29,0.0,-0.026,-0.001,-0.025,0.139,0.135,35.3,1.38,1.43,1.37,1.24,0.97,True,False,17.11,13.64,66
VCOM,VCOM,Technology,Technology,Group 1: Daily MACD < 0,1,True,0,1,3.8,0.0,-0.051,-0.053,0.003,0.106,0.157,45.5,3.76,3.85,3.95,3.94,3.54,True,False,0.94,0.4,66
WHAUP,WHAUP,Energy & Utilities,Resources,Group 1: Daily MACD < 0,1,False,0,0,6.9,3.759398496240607,-0.171,-0.145,-0.026,0.47,0.83,43.2,6.94,7.13,7.46,7.21,5.78,True,False,62.69,102.16,65
SCCC,SCCC,Construction Materials,Property & Construction,Group 1: Daily MACD < 0,1,False,0,0,152.0,0.0,-0.151,0.172,-0.322,2.47,0.542,45.5,152.9,153.18,152.36,150.12,146.0,True,False,9.52,10.34,65
ASW,ASW,Property Development,Property & Construction,Group 1: Daily MACD < 0,1,False,0,0,7.7,0.0,-0.036,-0.027,-0.009,0.222,0.046,45.4,7.69,7.79,7.78,7.49,7.11,True,False,0.4,0.14,65
CK,CK,Construction Services,Property & Construction,Group 1: Daily MACD < 0,1,False,0,12,18.1,0.0,-0.006,-0.057,0.051,0.334,0.127,50.1,18.11,17.92,18.27,18.6,16.58,True,False,147.64,55.12,64
KCG,KCG,Food & Beverage,Agro & Food Industry,Group 1: Daily MACD < 0,1,True,0,3,9.95,-0.5000000000000115,-0.097,-0.105,0.008,0.144,0.303,43.2,9.99,10.08,10.33,10.23,9.62,True,False,4.35,4.52,64
SRICHA,SRICHA,Construction Services,Property & Construction,Group 1: Daily MACD < 0,1,True,0,2,17.5,0.0,-0.159,-0.17,0.011,0.675,2.761,43.9,17.51,17.59,18.05,17.93,15.57,True,False,3.34,1.63,64
KBSPIF,KBSPIF,Energy & Utilities,Resources,Group 1: Daily MACD < 0,1,True,0,5,9.4,0.0,-0.038,-0.044,0.005,0.189,0.298,37.7,9.4,9.43,9.56,9.54,8.9,True,False,0.79,0.63,64
KGI,KGI,Finance & Securities,Financials,Group 1: Daily MACD < 0,1,False,0,0,4.74,0.4237288135593209,-0.051,-0.05,-0.001,0.135,0.111,41.8,4.74,4.8,4.94,4.74,4.43,True,False,7.33,3.32,63
ADB,ADB,Industrial,Industrial,Group 1: Daily MACD < 0,1,False,0,0,1.04,1.9607843137254832,-0.034,-0.017,-0.017,0.126,0.027,43.3,1.05,1.14,1.1,0.94,0.75,True,False,3.26,7.28,63
IT,IT,Commerce,Services,Group 1: Daily MACD < 0,1,False,0,13,7.1,0.0,-0.014,-0.041,0.027,0.6,0.725,50.9,7.1,6.92,7.49,6.9,5.27,True,False,1.47,1.69,63
BBL,BBL,Banking,Financials,Group 1: Daily MACD < 0,1,False,0,0,183.0,0.0,-2.113,-0.986,-1.127,4.86,10.095,32.7,187.15,190.5,191.21,187.74,175.76,True,False,1995.21,1866.74,61
GULF,GULF,Energy & Utilities,Resources,Group 1: Daily MACD < 0,1,False,0,0,59.75,0.0,-0.881,-0.86,-0.021,0.889,3.798,38.7,59.85,60.94,63.2,63.21,57.83,True,False,1830.21,1261.3,61
TFG,TFG,Food & Beverage,Agro & Food Industry,Group 1: Daily MACD < 0,1,False,0,0,9.4,0.0,-0.124,-0.082,-0.041,0.419,1.501,37.8,9.57,9.76,9.84,9.82,8.24,True,False,110.1,98.13,61
PRG,PRG,Food & Beverage,Agro & Food Industry,Group 1: Daily MACD < 0,1,False,0,0,10.7,0.0,-0.1,-0.034,-0.067,0.511,0.313,42.1,10.78,11.11,10.9,10.26,9.56,True,False,0.77,0.15,61
CTW,CTW,Industrial Materials & Machinery,Industrials,Group 1: Daily MACD < 0,1,False,0,0,6.65,0.0,-0.013,0.0,-0.013,0.585,0.66,49.8,6.6,6.71,6.61,6.64,,False,False,0.46,0.44,61
PHOL,PHOL,Industrial,Industrial,Group 1: Daily MACD < 0,1,False,0,0,3.22,1.2578616352201255,-0.016,-0.011,-0.005,0.084,0.076,43.3,3.24,3.26,3.28,3.21,3.01,True,False,0.35,0.54,61
CREDIT,CREDIT,Banking,Financials,Group 1: Daily MACD < 0,1,False,0,0,21.2,1.9230769230769162,-0.499,-0.335,-0.164,0.938,0.039,34.7,21.81,22.38,23.15,22.16,19.34,True,False,13.76,8.88,60
TACC,TACC,Agro & Food Industry,Agro & Food Industry,Group 1: Daily MACD < 0,1,False,0,0,6.3,0.8000000000000007,-0.045,-0.031,-0.014,0.204,0.366,42.3,6.32,6.4,6.45,6.31,5.84,True,False,8.5,3.11,59
MBK,MBK,Property Development,Property & Construction,Group 1: Daily MACD < 0,1,False,0,0,19.9,1.5306122448979442,-0.603,-0.515,-0.089,0.61,0.893,37.6,20.02,21.05,21.88,20.97,19.26,True,False,64.52,15.18,58
PRM,PRM,Transportation & Logistics,Services,Group 1: Daily MACD < 0,1,False,0,0,8.65,2.366863905325456,-0.324,-0.232,-0.091,0.263,0.548,30.3,8.84,9.43,9.66,9.32,8.42,True,False,47.16,50.51,58
CPN,CPN,Property Development,Property & Construction,Group 1: Daily MACD < 0,1,False,0,0,62.75,1.2096774193548487,-0.826,-0.815,-0.01,0.128,1.929,44.7,62.4,63.49,65.25,65.54,63.24,False,False,549.89,729.64,57
DIF,DIF,Information & Communication Technology,Technology,Group 1: Daily MACD < 0,1,False,0,0,10.0,0.0,-0.024,-0.012,-0.012,0.103,0.247,41.4,10.12,10.12,10.18,10.16,9.84,True,False,91.11,113.84,57
LHFG,LHFG,Banking,Financials,Group 1: Daily MACD < 0,1,False,0,0,1.22,0.8264462809917328,-0.004,-0.003,-0.001,0.042,0.086,46.8,1.23,1.22,1.24,1.22,1.1,True,False,4.59,4.71,57
DEMCO,DEMCO,Construction Services,Property & Construction,Group 1: Daily MACD < 0,1,False,0,0,3.32,-1.1904761904761862,-0.057,-0.024,-0.033,0.163,0.05,41.5,3.4,3.52,3.47,3.42,2.88,True,False,1.63,1.85,57
KUMWEL,KUMWEL,Industrial,Industrial,Group 1: Daily MACD < 0,1,False,0,21,2.18,-0.909090909090915,-0.002,-0.01,0.009,0.183,0.15,51.7,2.16,2.15,2.24,2.19,1.6,True,False,1.01,0.31,57
GC,GC,Petrochemicals & Chemicals,Industrials,Group 1: Daily MACD < 0,1,False,0,0,5.25,0.0,-0.003,-0.003,-0.0,0.225,0.027,48.4,5.26,5.24,5.31,5.07,4.62,True,False,0.53,0.03,57
TSTH,TSTH,Steel and Metal Products,Industrials,Group 1: Daily MACD < 0,1,False,0,0,0.92,0.0,-0.016,-0.011,-0.005,0.036,0.045,30.2,0.94,0.97,0.99,0.95,0.84,True,False,1.39,0.8,55
FLOYD,FLOYD,Property & Construction,Property & Construction,Group 1: Daily MACD < 0,1,False,0,0,1.12,0.0,-0.004,-0.003,-0.001,0.012,0.025,48.0,1.12,1.13,1.13,1.1,1.12,False,False,0.06,0.06,55
TTW,TTW,Energy & Utilities,Resources,Group 1: Daily MACD < 0,1,False,0,0,10.0,0.0,-0.062,-0.056,-0.006,0.209,0.236,42.3,10.07,10.13,10.29,10.04,9.57,True,False,24.64,35.37,54
SCB,SCB,Banking,Financials,Group 1: Daily MACD < 0,1,False,0,0,146.0,-1.3513513513513487,-1.024,-0.144,-0.88,2.64,8.812,31.8,151.0,151.46,152.15,149.91,143.99,True,False,2453.12,3355.33,53
S11,S11,Finance & Securities,Financials,Group 1: Daily MACD < 0,1,False,0,0,4.46,-0.8888888888888946,-0.017,-0.0,-0.017,0.205,0.275,40.0,4.54,4.57,4.56,4.39,4.0,True,False,0.23,0.11,53
STANLY,STANLY,Automotive,Industrials,Group 1: Daily MACD < 0,1,False,0,17,223.0,0.0,-1.293,-1.493,0.201,3.036,7.168,41.9,223.3,223.6,228.71,233.84,214.1,True,False,4.49,2.22,52
TITLE,TITLE,Property Development,Property & Construction,Group 1: Daily MACD < 0,1,False,0,0,8.7,2.35294117647058,-0.092,-0.076,-0.015,0.366,1.363,44.7,8.73,8.84,9.0,8.75,7.91,True,False,1.32,1.22,52
2S,2S,Steel and Metal Products,Industrials,Group 1: Daily MACD < 0,1,False,0,0,3.54,-0.5617977528089901,-0.029,-0.02,-0.009,0.218,0.16,39.8,3.59,3.61,3.64,3.42,2.98,True,False,0.59,0.37,51
PTL,PTL,Packaging,Industrials,Group 1: Daily MACD < 0,1,False,0,0,14.0,-0.7092198581560294,-0.077,-0.024,-0.053,1.107,0.372,31.8,14.36,14.38,14.52,13.74,11.04,True,False,0.57,0.15,51
PAP,PAP,Steel and Metal Products,Industrials,Group 1: Daily MACD < 0,1,False,0,0,3.12,0.6451612903225712,-0.01,0.016,-0.026,0.251,0.168,46.2,3.15,3.21,3.08,,,False,False,0.49,0.4,51
MOONG,MOONG,Consumer Products,Consumer Products,Group 1: Daily MACD < 0,1,False,0,11,2.3,0.8771929824561431,-0.003,-0.006,0.002,0.029,0.031,47.1,2.32,2.3,2.34,2.34,2.24,True,False,0.38,0.22,51
INOX,INOX,Steel and Metal Products,Industrials,Group 1: Daily MACD < 0,1,False,0,13,3.88,-2.5125628140703515,-0.016,-0.031,0.015,0.508,0.905,46.5,3.9,3.87,4.01,4.09,2.29,True,False,0.09,0.02,51
SYNTEC,SYNTEC,Construction Services,Property & Construction,Group 1: Daily MACD < 0,1,False,0,0,1.77,0.0,-0.037,-0.024,-0.012,0.043,0.033,30.4,1.81,1.87,1.9,1.82,1.73,True,False,1.58,1.05,50
CPI,CPI,Food & Beverage,Agro & Food Industry,Group 1: Daily MACD < 0,1,False,0,0,3.5,0.0,-0.002,0.001,-0.002,0.022,0.186,48.0,3.51,3.51,3.53,3.51,3.46,True,False,0.34,0.08,50
TAE,TAE,Energy & Utilities,Resources,Group 1: Daily MACD < 0,1,False,0,0,1.55,0.0,-0.014,-0.009,-0.005,0.13,0.171,41.7,1.58,1.6,1.61,1.58,1.16,True,False,4.89,0.95,49
NYT,NYT,Transportation & Logistics,Services,Group 1: Daily MACD < 0,1,False,0,13,3.9,-0.5102040816326481,-0.014,-0.015,0.002,0.05,0.145,43.5,3.92,3.91,3.98,3.94,3.75,True,False,3.77,6.2,49
ICHI,ICHI,Food & Beverage,Agro & Food Industry,Group 1: Daily MACD < 0,1,False,0,0,13.4,1.5151515151515138,-0.206,-0.181,-0.026,0.095,0.051,38.9,13.53,13.7,14.21,14.01,13.62,False,False,44.76,21.21,48
ASAP,ASAP,Automotive,Industrials,Group 1: Daily MACD < 0,1,False,0,0,2.12,-0.9345794392523366,-0.008,-0.006,-0.002,0.162,0.013,43.2,2.14,2.15,2.16,2.14,1.65,True,False,0.06,0.03,47
GABLE,GABLE,Information & Communication Technology,Technology,Group 1: Daily MACD < 0,1,False,0,20,3.88,-0.512820512820511,-0.025,-0.027,0.002,0.03,0.027,38.7,3.91,3.92,4.03,4.03,3.86,True,False,0.64,0.76,45
AYUD,AYUD,Insurance,Financials,Group 1: Daily MACD < 0,1,False,0,0,42.0,0.0,-0.249,-0.076,-0.172,1.3,2.058,39.7,42.82,42.93,43.3,42.06,39.32,True,False,0.45,0.1,45
NUT,NUT,Consumer Products,Consumer Products,Group 1: Daily MACD < 0,1,False,0,0,4.78,-0.4166666666666541,-0.031,-0.026,-0.005,0.14,0.094,37.7,4.84,4.85,4.93,4.83,4.38,True,False,0.22,0.48,45
PPM,PPM,Industrial,Industrial,Group 1: Daily MACD < 0,1,False,0,0,1.93,0.0,-0.022,-0.001,-0.02,0.117,0.021,34.7,2.01,2.04,2.04,1.99,1.62,True,False,0.2,0.03,45
BJCHI,BJCHI,Construction Services,Property & Construction,Group 1: Daily MACD < 0,1,False,0,0,3.16,0.0,-0.041,-0.021,-0.02,0.599,0.445,38.6,3.22,3.3,3.32,,,False,False,0.1,0.19,43
PSGC,PSGC,Property & Construction,Property & Construction,Group 1: Daily MACD < 0,1,False,0,0,4.92,0.0,-0.221,-0.174,-0.047,0.387,1.165,27.0,5.0,5.43,5.52,5.45,4.11,True,False,1.51,0.65,42
VIH,VIH,Health Care Services,Services,Group 1: Daily MACD < 0,1,False,0,0,8.35,-0.5952380952381042,-0.067,-0.024,-0.043,0.018,0.072,39.4,8.54,8.6,8.65,8.52,8.57,False,False,65.81,2.87,40
BLA,BLA,Insurance,Financials,Group 1: Daily MACD < 0,1,False,0,0,22.4,-0.4444444444444473,-0.536,-0.391,-0.144,0.412,0.62,28.3,23.1,23.75,24.52,24.71,22.42,False,False,55.49,32.16,40
KCC,KCC,Financials,Financials,Group 1: Daily MACD < 0,1,False,0,0,2.5,0.0,-0.037,-0.027,-0.01,0.018,0.082,39.5,2.57,2.58,2.68,2.83,2.49,True,False,0.43,0.01,40
TSC,TSC,Automotive,Industrials,Group 1: Daily MACD < 0,1,False,0,0,14.9,0.6756756756756799,-0.081,-0.062,-0.019,0.099,0.315,39.6,14.97,15.07,15.2,15.06,14.91,False,False,0.21,0.14,38
NDR,NDR,Industrial,Industrial,Group 1: Daily MACD < 0,1,False,0,0,1.74,-2.2471910112359605,-0.018,-0.004,-0.014,0.076,0.02,35.4,1.81,1.85,1.81,1.85,,False,False,0.19,0.07,35
TVH,TVH,Insurance,Financials,Group 1: Daily MACD < 0,1,False,0,0,9.5,0.5291005291005346,-0.557,-0.344,-0.213,0.297,0.459,16.2,10.29,11.19,11.55,11.05,10.0,False,False,0.7,0.2,30
SAUCE,SAUCE,Food & Beverage,Agro & Food Industry,Group 1: Daily MACD < 0,1,False,0,0,40.25,-0.6172839506172867,-0.307,-0.191,-0.116,0.158,0.907,33.4,40.72,41.36,41.38,41.2,40.72,False,False,0.65,0.05,30
DUSIT,DUSIT,Tourism & Leisure,Services,Group 1: Daily MACD < 0,1,False,0,14,10.6,-0.9345794392523366,-0.083,-0.087,0.005,0.003,0.237,38.1,10.74,10.74,11.07,11.03,10.93,False,False,0.61,0.87,30
CMAN,CMAN,Petrochemicals & Chemicals,Industrials,Group 1: Daily MACD < 0,1,False,0,0,2.62,-0.7575757575757569,-0.042,-0.037,-0.004,0.012,0.136,34.8,2.67,2.71,2.83,2.82,2.67,False,False,0.53,0.37,30
TCOAT,TCOAT,Packaging,Industrials,Group 1: Daily MACD < 0,1,False,0,0,,,-0.364,-0.245,-0.119,0.021,0.022,27.8,,,,,,False,False,0.0,,30
